specialty_name,doctor_count,bucket,parent_bucket,pediatric_capable,routable,flag
General Practice,246,general_medicine,,false,true,
Dentistry,186,dentistry_general,,false,true,
Obstetrics And Gynecology,96,obgyn,general_medicine,false,true,
Pediatrics,82,pediatrics,general_medicine,true,true,
Internal Medicine,77,general_medicine,,false,true,merged_per_decision_1
General Surgery,72,general_surgery,general_medicine,false,true,
General Practitioner,70,general_medicine,,false,true,
Orthopedic Surgery,62,orthopedics,general_medicine,false,true,
Ophthalmology,54,ophthalmology,general_medicine,false,true,
Orthodontics,51,orthodontics,dentistry_general,false,true,
Dermatology,47,dermatology,general_medicine,false,true,
Cardiology,46,cardiology,general_medicine,false,true,
Gastroenterology,36,gastroenterology,general_medicine,false,true,
Urology,31,urology,general_medicine,false,true,
Periodontics,30,periodontics,dentistry_general,false,true,
General Dentist,29,dentistry_general,,false,true,
Neonatology,27,pediatrics,general_medicine,true,true,REVIEW_own_bucket
Neurology,27,neurology,general_medicine,false,true,
Family Medicine,26,general_medicine,,false,true,
Otolaryngology,25,ent,general_medicine,false,true,
Anesthesia,25,not_routable,,false,false,
ENT,23,ent,general_medicine,false,true,
Radiology,21,not_routable,,false,false,
Pulmonology,20,pulmonology,general_medicine,false,true,
Allergy,20,allergy_immunology,general_medicine,false,true,
Physiotherapy,20,physiotherapy,orthopedics,false,true,
Psychiatry,18,psychiatry,general_medicine,false,true,
Endodontics,18,dentistry_general,,false,true,
Pediatric Dentistry,18,dentistry_general,,true,true,
Surgery,17,general_surgery,general_medicine,false,true,
Gynecology,17,obgyn,general_medicine,false,true,
Nephrology,16,nephrology,general_medicine,false,true,
Oral and Maxillofacial Surgery,16,dentistry_general,,false,true,decision_7
Diagnostic Radiology,16,not_routable,,false,false,
Endocrinology,16,endocrinology,general_medicine,false,true,
General Medicine,16,general_medicine,,false,true,
Neurosurgery,14,neurology,general_medicine,false,true,decision_6
pathology,14,not_routable,,false,false,
Laparoscopic Surgery,13,general_surgery,general_medicine,false,true,
Plastic Surgery,12,plastic_aesthetic,dermatology,false,true,
Implantologist,12,dentistry_general,,false,true,
Cardiac surgery,12,cardiology,general_medicine,false,true,
General Pediatrician,9,pediatrics,general_medicine,true,true,
Medical Oncology,9,oncology,general_medicine,false,false,REVIEW_routable
Dietician,8,nutrition,general_medicine,false,true,REVIEW_new_bucket
Prosthodontics,8,dentistry_general,,false,true,
Interventional Cardiology,8,cardiology,general_medicine,false,true,
Oncology,8,oncology,general_medicine,false,false,REVIEW_routable
nil,8,unknown,,false,false,DATA_QUALITY
Vascular Surgery,7,cardiology,general_medicine,false,true,REVIEW_vs_general_surgery
Pain Medicine,7,not_routable,,false,false,REVIEW_routable
Aerospace Medicine,7,not_routable,,false,false,
Aesthetic Medicine,7,plastic_aesthetic,dermatology,false,true,
Dentistry And Orhtodontics,7,dentistry_general,,false,true,TYPO_ambiguous
Head Neck Surgery,7,ent,general_medicine,false,true,
Surgical Oncology,6,oncology,general_medicine,false,false,
Emergency Medicine,6,emergency,,false,false,prefilter_not_a_class
Pediatric Cardiology,6,cardiology,general_medicine,true,true,
Homeopathy,6,alternative_medicine,,false,false,
Hematology,6,oncology,general_medicine,false,false,
Internal medicine,6,general_medicine,,false,true,CASE_DUP
Critical Care Medicine,5,not_routable,,false,false,
Andrology,5,urology,general_medicine,false,true,
Dental Care,5,dentistry_general,,false,true,
Hepatology,5,gastroenterology,general_medicine,false,true,
Cardiovascular Surgery,5,cardiology,general_medicine,false,true,
Hair Trasnsplantation,4,plastic_aesthetic,dermatology,false,true,TYPO
Pediatric Oncology,4,oncology,general_medicine,true,false,
Geriatric Medicine,4,general_medicine,,false,true,REVIEW_age_filter
General Surgeon,4,general_surgery,general_medicine,false,true,
Rheumatology,4,rheumatology,general_medicine,false,true,thin_supply_use_parent_fallback
BMT,4,oncology,general_medicine,false,false,
Pediatric Orthopedic,4,orthopedics,general_medicine,true,true,
Conservative Dentistry,4,dentistry_general,,false,true,
Pediatric Hematology,4,oncology,general_medicine,true,false,
Cardiac Surgery,4,cardiology,general_medicine,false,true,CASE_DUP
Pediatric BMT,4,oncology,general_medicine,true,false,
Cardio-Thoracic Surgery,3,cardiology,general_medicine,false,true,
General Physician,3,general_medicine,,false,true,
Thoracic Surgery,3,pulmonology,general_medicine,false,true,REVIEW_vs_cardiology
Gynaecology,3,obgyn,general_medicine,false,true,SPELLING_DUP
Obstetrics,3,obgyn,general_medicine,false,true,
Podiatry,3,orthopedics,general_medicine,false,true,REVIEW_own_bucket
Pediatric Surgery,3,general_surgery,general_medicine,true,true,
Hijama,3,alternative_medicine,,false,false,
Restorative Dentistry,3,dentistry_general,,false,true,
Interventional Radiology,3,not_routable,,false,false,
Pediatric Allergy,3,allergy_immunology,general_medicine,true,true,
Speciality 11,3,unknown,,false,false,DATA_QUALITY
Cosmetic Dentistry,3,dentistry_general,,false,true,REVIEW_vs_plastic_aesthetic
Cosmetic Surgery,2,plastic_aesthetic,dermatology,false,true,
Clinical Genetics,2,not_routable,,false,false,
Clinical Hematology,2,oncology,general_medicine,false,false,
Counseling,2,psychiatry,general_medicine,false,true,
Geriatrics,2,general_medicine,,false,true,
Immunology,2,allergy_immunology,general_medicine,false,true,
Infectious Diseases,2,general_medicine,,false,true,REVIEW_own_bucket
Laser Dentistry,2,dentistry_general,,false,true,
Maxillofacial Surgery,2,dentistry_general,,false,true,
Neuro And Spine Surgery,2,neurology,general_medicine,false,true,
Oncology Orthopedic Surgery,2,oncology,general_medicine,false,false,
Oncology Surgery,2,oncology,general_medicine,false,false,
Oral Medicine,2,dentistry_general,,false,true,
Pediatric Critical Care Medicine,2,not_routable,,true,false,
Pediatric ENT,2,ent,general_medicine,true,true,
Pediatric Gastroenterology,2,gastroenterology,general_medicine,true,true,
Pediatric General Surgeon,2,general_surgery,general_medicine,true,true,
Pediatric Hematology - Oncology,2,oncology,general_medicine,true,false,ENDASH_IN_SOURCE
Pediatric Immunology and Allergy,2,allergy_immunology,general_medicine,true,true,
Pediatric Intensive Care Medicine,2,not_routable,,true,false,
Pediatric Nephrology,2,nephrology,general_medicine,true,true,
Pediatric Pulmonology,2,pulmonology,general_medicine,true,true,
Radiation Oncology,2,oncology,general_medicine,false,false,
Respiratory Medicine,2,pulmonology,general_medicine,false,true,
Sports Medicine,2,orthopedics,general_medicine,false,true,REVIEW_vs_physiotherapy
Pediatric Inherited Metabolic Medicine,1,not_routable,,true,false,
Clinical Pathology,1,not_routable,,false,false,
Pediatric Medical genetics,1,not_routable,,true,false,
Chest Medicine,1,pulmonology,general_medicine,false,true,
Pediatric Neurodisability,1,neurology,general_medicine,true,true,
Pediatric Dermatology,1,dermatology,general_medicine,true,true,
Palliative Medicine,1,not_routable,,false,false,
Pediatric Oncology Surgery,1,oncology,general_medicine,true,false,
Pediatric Ophthalmology,1,ophthalmology,general_medicine,true,true,
Oral Surgery,1,dentistry_general,,false,true,
Pediatric Otolaryngology,1,ent,general_medicine,true,true,
Pediatric Palliative Medicine,1,not_routable,,true,false,
Pediatric Periodontics,1,periodontics,dentistry_general,true,true,
Pediatric Psychiatry,1,psychiatry,general_medicine,true,true,
Pediatric Public Health Medicine,1,not_routable,,true,false,
Unani Medicine,1,alternative_medicine,,false,false,
Pediatric Radiation Oncology,1,oncology,general_medicine,true,false,
Pediatric Rehabilitation Medicine,1,physiotherapy,orthopedics,true,true,
Pediatric Respiratory medicine,1,pulmonology,general_medicine,true,true,
Pediatric Restorative Dentistry,1,dentistry_general,,true,true,
Pediatric Rheumatology,1,rheumatology,general_medicine,true,true,
Pediatric Sleep Medicine,1,pulmonology,general_medicine,true,true,
Pediatric Sports Medicine,1,orthopedics,general_medicine,true,true,
Occupational Medicine,1,not_routable,,false,false,
Pediatric Surgical Oncology,1,oncology,general_medicine,true,false,
Pediatric Thoracic Surgery,1,pulmonology,general_medicine,true,true,
Pediatric Urology,1,urology,general_medicine,true,true,
Pediatric Vascular Surgery,1,cardiology,general_medicine,true,true,
Metabolic Medicine,1,endocrinology,general_medicine,false,true,
Medical genetics,1,not_routable,,false,false,
Maternal Medicine,1,obgyn,general_medicine,false,true,
Plastic Surgeon,1,plastic_aesthetic,dermatology,false,true,
Gp Dentist,1,dentistry_general,,false,true,
Podiatrists,1,orthopedics,general_medicine,false,true,SPELLING_DUP
Genito-Urinary Medicine,1,urology,general_medicine,false,true,REVIEW_vs_infectious_disease
General and Laparoscopic Surgeon,1,general_surgery,general_medicine,false,true,
Gastrosurgery,1,general_surgery,general_medicine,false,true,
Public Health Medicine,1,not_routable,,false,false,
Gastro intestinal Surgery,1,general_surgery,general_medicine,false,true,
Audiology,1,ent,general_medicine,false,true,
Fetal Medicine,1,obgyn,general_medicine,false,true,
Reproductive Health,1,obgyn,general_medicine,false,true,
Respiratory medicine,1,pulmonology,general_medicine,false,true,CASE_DUP
Urosurgery,1,urology,general_medicine,false,true,
Electrophysiology,1,cardiology,general_medicine,false,true,
Diabetic foot problems.,1,orthopedics,general_medicine,false,true,REVIEW_vs_endocrinology
Sleep Medicine,1,pulmonology,general_medicine,false,true,REVIEW_vs_neurology
Specialist Internal Medicine,1,general_medicine,,false,true,
Pediatric Emergency Medicine,1,emergency,,true,false,
Pediatric Endocrinology,1,endocrinology,general_medicine,true,true,
Specialist Obstetrics & Gynaecology,1,obgyn,general_medicine,false,true,
Specialist Orthodontist,1,orthodontics,dentistry_general,false,true,
Acupuncture Practitioner,1,alternative_medicine,,false,false,
Pediatric Electrophysiology,1,cardiology,general_medicine,true,true,
Aesthetic Specialist,1,plastic_aesthetic,dermatology,false,true,
Pediatric Hepatology,1,gastroenterology,general_medicine,true,true,
Pediatric Immunology,1,allergy_immunology,general_medicine,true,true,
Community Medicine,1,not_routable,,false,false,
Pediatric Infectious Disease,1,general_medicine,,true,true,REVIEW_own_bucket
